ChEMBL_ID,Original_SMILES,Curated_SMILES,Reported_pIC50,MW,LogP,HBD,HBA,RotatableBonds,TPSA,Ro5_Violations,Tanimoto_to_Gefitinib,MPO_Hit_Score
CHEMBL14699,COc1cc2ncnc(Nc3ccc(F)c(Cl)c3)c2cc1OCCN4CCOCC4,COc1cc2ncnc(Nc3ccc(F)c(Cl)c3)c2cc1OCCN1CCOCC1,8.0,432.88,3.89,1,7,7,68.74,0,0.9194,0.7029432616109584
CHEMBL2425090,COc1cc2ncnc(Nc3ccc(F)c(Cl)c3)c2cc1OCCN4CC(O)C4,COc1cc2ncnc(Nc3ccc(F)c(Cl)c3)c2cc1OCCN1CC(O)C1,7.585026652029182,418.86,3.23,2,7,7,79.74,0,0.7,0.6684741843637643
CHEMBL1788321,COc1cc2ncnc(Nc3ccc(F)c(Cl)c3)c2cc1OC[C@H](O)CN4CCOCC4,COc1cc2ncnc(Nc3ccc(F)c(Cl)c3)c2cc1OC[C@H](O)CN1CCOCC1,7.173925197299173,462.91,3.25,2,8,8,88.97,0,0.7465,0.665558308619086
CHEMBL1744086,COc1cc2ncnc(Nc3ccc(F)c(Cl)c3)c2cc1OC[C@@H](O)CN4CCOCC4,COc1cc2ncnc(Nc3ccc(F)c(Cl)c3)c2cc1OC[C@@H](O)CN1CCOCC1,7.022276394711152,462.91,3.25,2,8,8,88.97,0,0.7465,0.665558308619086
CHEMBL2334001,COc1cc2ncnc(Nc3ccc(F)c(Cl)c3)c2cc1OCCO,COc1cc2ncnc(Nc3ccc(F)c(Cl)c3)c2cc1OCCO,7.197910742118268,363.78,3.55,2,6,6,76.5,0,0.6923,0.6610581909006357
CHEMBL300791,COc1cc2ncnc(Nc3ccc(F)c(Cl)c3)c2cc1OCCN4CCN(C)CC4,COc1cc2ncnc(Nc3ccc(F)c(Cl)c3)c2cc1OCCN1CCN(C)CC1,8.0,445.93,3.8,1,7,7,62.75,0,0.7727,0.6428872592684228
CHEMBL2424664,COc1cc2ncnc(Nc3ccc(F)c(Cl)c3)c2cc1OCCN4CC5(C4)CS(=O)(=O)C5,COc1cc2ncnc(Nc3ccc(F)c(Cl)c3)c2cc1OCCN1CC2(C1)CS(=O)(=O)C2,6.801342913045577,492.96,3.28,1,8,7,93.65,0,0.6533,0.6420395945595674
CHEMBL2087360,Fc1ccc(Nc2ncnc3cc4OCCOCCOCCOc4cc23)cc1Cl,Fc1ccc(Nc2ncnc3cc4c(cc23)OCCOCCOCCO4)cc1Cl,8.698970004336019,419.84,3.97,1,7,2,74.73,0,0.5441,0.6282302701334905
CHEMBL56502,COc1cc2ncnc(Nc3ccc(F)c(Cl)c3)c2cc1OCC(O)CN,COc1cc2ncnc(Nc3ccc(F)c(Cl)c3)c2cc1OCC(O)CN,8.221848749616356,392.82,2.87,3,7,7,102.52,0,0.5972,0.6214964002258876
CHEMBL1203934,Cl.COc1cc2ncnc(Nc3ccc(F)cc3)c2cc1OC,COc1cc2ncnc(Nc3ccc(F)cc3)c2cc1OC,7.292429823902063,299.31,3.53,1,5,4,56.27,0,0.5,0.617241778050549
CHEMBL301018,COc1cc2ncnc(Nc3ccc(F)c(Cl)c3)c2cc1OC,COc1cc2ncnc(Nc3ccc(F)c(Cl)c3)c2cc1OC,8.045757490560675,333.75,4.18,1,5,4,56.27,0,0.6833,0.6162689794593665
CHEMBL3818547,COc1cc2ncnc(Nc3ccc(F)c(Cl)c3)c2cc1NC(=O)[C@@H]4COC(=O)N4,COc1cc2ncnc(Nc3ccc(F)c(Cl)c3)c2cc1NC(=O)[C@@H]1COC(=O)N1,8.97469413473523,431.81,3.22,3,7,5,114.47,0,0.494,0.6160226180350925
CHEMBL3775664,Fc1ccc(Nc2ncnc3cc4OCC(=O)N(CCCN5CCOCC5)c4cc23)cc1Cl,O=C1COc2cc3ncnc(Nc4ccc(F)c(Cl)c4)c3cc2N1CCCN1CCOCC1,7.274905478918531,471.92,3.61,1,7,6,79.82,0,0.6026,0.608858020585002
CHEMBL541586,Cl.COc1cc2ncnc(Nc3cccc(F)c3)c2cc1OC,COc1cc2ncnc(Nc3cccc(F)c3)c2cc1OC,7.602059991327962,299.31,3.53,1,5,4,56.27,0,0.4776,0.606041778050549
CHEMBL94431,COc1cc2ncnc(Nc3cccc(F)c3)c2cc1OC,COc1cc2ncnc(Nc3cccc(F)c3)c2cc1OC,8.42021640338319,299.31,3.53,1,5,4,56.27,0,0.4776,0.606041778050549
CHEMBL542484,Cl.COc1cc2ncnc(Nc3ccccc3)c2cc1OC,COc1cc2ncnc(Nc3ccccc3)c2cc1OC,7.301029995663981,281.32,3.39,1,5,4,56.27,0,0.4462,0.6047924667268888
CHEMBL94191,COc1cc2ncnc(Nc3ccccc3)c2cc1OC,COc1cc2ncnc(Nc3ccccc3)c2cc1OC,7.537602002101044,281.32,3.39,1,5,4,56.27,0,0.4462,0.6047924667268888
CHEMBL2425087,COc1cc2ncnc(Nc3ccc(F)c(Cl)c3)c2cc1OCCN4CC5(COC5)C4,COc1cc2ncnc(Nc3ccc(F)c(Cl)c3)c2cc1OCCN1CC2(COC2)C1,7.795880017344075,444.89,3.89,1,7,7,68.74,0,0.7183,0.6023932616109585
CHEMBL3806292,COc1cc2ncnc(Nc3ccc(F)c(Cl)c3)c2c4OCCOc14,COc1cc2ncnc(Nc3ccc(F)c(Cl)c3)c2c2c1OCCO2,7.647817481888637,361.76,3.95,1,6,3,65.5,0,0.5352,0.6018079035929358
CHEMBL2333998,COc1cc2ncnc(Nc3cccc(c3)C#N)c2cc1OC,COc1cc2ncnc(Nc3cccc(C#N)c3)c2cc1OC,6.384260311380845,306.33,3.26,1,6,4,80.06,0,0.4167,0.6000412095677883
CHEMBL2064389,Fc1ccc(Nc2ncnc3cc4OC(=O)N(CCCN5CCOCC5)c4cc23)cc1F,O=c1oc2cc3ncnc(Nc4ccc(F)c(F)c4)c3cc2n1CCCN1CCOCC1,6.2441251443275085,441.44,3.28,1,7,6,85.42,0,0.519,0.5998895945595674
CHEMBL56266,CNCC(O)COc1cc2c(Nc3ccc(F)c(Cl)c3)ncnc2cc1OC,CNCC(O)COc1cc2c(Nc3ccc(F)c(Cl)c3)ncnc2cc1OC,8.301029995663981,406.85,3.13,3,7,8,88.53,0,0.5972,0.5964964002258876
CHEMBL3815161,Fc1ccc(Nc2ncnc3ccc(NC(=O)NCCN4CCOCC4)cc23)cc1Cl,O=C(NCCN1CCOCC1)Nc1ccc2ncnc(Nc3ccc(F)c(Cl)c3)c2c1,8.534617148551582,444.9,3.62,3,6,6,91.41,0,0.5789,0.5957354559057553
CHEMBL25610,COc1cc2c(Nc3ccc(Cl)cc3F)ncnc2cc1OCCN4CCOCC4,COc1cc2c(Nc3ccc(Cl)cc3F)ncnc2cc1OCCN1CCOCC1,6.3979400086720375,432.88,3.89,1,7,7,68.74,0,0.7,0.5932432616109584
CHEMBL2441568,Fc1ccc(Nc2ncnc3cc4OCCNc4cc23)cc1Cl,Fc1ccc(Nc2ncnc3cc4c(cc23)NCCO4)cc1Cl,8.88941028970075,330.75,3.97,2,5,2,59.07,0,0.473,0.5926802701334904
CHEMBL461795,COc1cc2ncnc(Nc3ccc(F)c(Cl)c3)c2cc1CN4CC[C@H](C4)C(=O)N,COc1cc2ncnc(Nc3ccc(F)c(Cl)c3)c2cc1CN1CC[C@@H](C(N)=O)C1,8.221848749616356,429.88,3.48,2,6,6,93.37,0,0.5366,0.5910969721260461
CHEMBL2064372,Fc1ccc(Nc2ncnc3cc4OC(=O)N(CCCN5CCOCC5)c4cc23)cc1Cl,O=c1oc2cc3ncnc(Nc4ccc(F)c(Cl)c4)c3cc2n1CCCN1CCOCC1,7.107905397309519,457.89,3.8,1,7,6,85.42,0,0.6184,0.5907372592684228
CHEMBL3814211,NC(=O)Nc1ccc2ncnc(Nc3ccc(F)c(Cl)c3)c2c1,NC(=O)Nc1ccc2ncnc(Nc3ccc(F)c(Cl)c3)c2c1,9.068542129310996,331.74,3.66,3,4,3,92.93,0,0.4247,0.5884215707096184
CHEMBL1204360,Cl.COc1cc2ncnc(Nc3ccccc3F)c2cc1OC,COc1cc2ncnc(Nc3ccccc3F)c2cc1OC,7.492144128304169,299.31,3.53,1,5,4,56.27,0,0.4412,0.5878417780505489
CHEMBL542733,Cl.COc1ccc(Nc2ncnc3cc(OC)c(OC)cc23)cc1,COc1ccc(Nc2ncnc3cc(OC)c(OC)cc23)cc1,6.6020599913279625,311.34,3.4,1,6,5,65.5,0,0.4615,0.586529086596659
CHEMBL3774471,Fc1ccc(Nc2ncnc3cc4OCC(=O)N(CCCN5CCOCC5)c4cc23)cc1,O=C1COc2cc3ncnc(Nc4ccc(F)cc4)c3cc2N1CCCN1CCOCC1,6.3624102141613,437.48,2.96,1,7,6,79.82,0,0.4634,0.5815000799786709
CHEMBL3612563,COCCN1C(=O)Oc2cc3ncnc(Nc4ccc(F)c(F)c4)c3cc12,COCCn1c(=O)oc2cc3ncnc(Nc4ccc(F)c(F)c4)c3cc21,7.585026652029182,372.33,3.21,1,6,5,82.18,0,0.4198,0.5794478310655593
CHEMBL2425088,COc1cc2ncnc(Nc3ccc(F)c(Cl)c3)c2cc1OCCN4CC5(CCO5)C4,COc1cc2ncnc(Nc3ccc(F)c(Cl)c3)c2cc1OCCN1CC2(CCO2)C1,6.721246399047171,444.89,4.03,1,7,7,68.74,0,0.7083,0.5762350392573287
CHEMBL544833,Cl.COc1ccc(Nc2ncnc3cc(OC)c(OC)cc23)cc1OC,COc1ccc(Nc2ncnc3cc(OC)c(OC)cc23)cc1OC,6.455931955649724,341.37,3.41,1,7,6,74.73,0,0.4921,0.5758963214203974
CHEMBL3612561,COCCN1C(=O)Oc2cc3ncnc(Nc4ccc(F)c(Cl)c4)c3cc12,COCCn1c(=O)oc2cc3ncnc(Nc4ccc(F)c(Cl)c4)c3cc21,6.327902142064282,388.79,3.72,1,6,5,82.18,0,0.5128,0.5743171684686316
CHEMBL3818062,COc1cc2ncnc(Nc3ccc(F)c(Cl)c3)c2cc1NC(=O)[C@H]4NC(=O)O[C@@H]4C,COc1cc2ncnc(Nc3ccc(F)c(Cl)c3)c2cc1NC(=O)[C@H]1NC(=O)O[C@@H]1C,8.703334809738468,445.84,3.61,3,7,5,114.47,0,0.4819,0.573508020585002
CHEMBL3775285,Fc1cccc(Nc2ncnc3cc4OCC(=O)N(CCCN5CCOCC5)c4cc23)c1,O=C1COc2cc3ncnc(Nc4cccc(F)c4)c3cc2N1CCCN1CCOCC1,6.6106566887479215,437.48,2.96,1,7,6,79.82,0,0.4471,0.5733500799786709
CHEMBL2064376,COc1ccc(Nc2ncnc3cc4OC(=O)N(CCCN5CCOCC5)c4cc23)cc1,COc1ccc(Nc2ncnc3cc4oc(=O)n(CCCN5CCOCC5)c4cc23)cc1,6.42021640338319,435.48,3.01,1,8,7,94.65,0,0.4938,0.5718875003124948
CHEMBL3774712,Cc1ccc(Nc2ncnc3cc4OCC(=O)N(CCCN5CCOCC5)c4cc23)cc1,Cc1ccc(Nc2ncnc3cc4c(cc23)N(CCCN2CCOCC2)C(=O)CO4)cc1,6.22584814104529,433.51,3.13,1,7,6,79.82,0,0.4458,0.5707964002258876
CHEMBL2425091,COC1CN(CCOc2cc3c(Nc4ccc(F)c(Cl)c4)ncnc3cc2OC)C1,COc1cc2ncnc(Nc3ccc(F)c(Cl)c3)c2cc1OCCN1CC(OC)C1,7.026872146400302,432.88,3.88,1,7,8,68.74,0,0.7,0.569738822572142
CHEMBL2064383,Cc1ccc(Nc2ncnc3cc4OC(=O)N(CCCN5CCOCC5)c4cc23)cc1,Cc1ccc(Nc2ncnc3cc4oc(=O)n(CCCN5CCOCC5)c4cc23)cc1,7.173925197299173,419.49,3.31,1,7,6,85.42,0,0.4568,0.566671532894887
CHEMBL56802,COc1cc2ncnc(Nc3cccc(C)c3)c2cc1OC,COc1cc2ncnc(Nc3cccc(C)c3)c2cc1OC,8.301029995663981,295.34,3.7,1,5,4,56.27,0,0.4412,0.566276134560467
CHEMBL3092318,OC1CN(C1)C(=O)Nc2cc3c(Nc4ccc(F)c(Cl)c4)ncnc3cc2O[C@H]5CCOC5,O=C(Nc1cc2c(Nc3ccc(F)c(Cl)c3)ncnc2cc1O[C@H]1CCOC1)N1CC(O)C1,6.265200170411153,473.89,3.54,3,7,5,108.84,0,0.4494,0.5657826380023965
CHEMBL206955,COc1cc2ncnc(Nc3ccc(F)c(Cl)c3)c2cc1CN4CCC[C@@H]4C(=O)N,COc1cc2ncnc(Nc3ccc(F)c(Cl)c3)c2cc1CN1CCC[C@@H]1C(N)=O,8.221848749616356,429.88,3.62,2,6,6,93.37,0,0.5181,0.5653354559057553
CHEMBL382638,COc1cc2ncnc(Nc3ccc(F)c(Cl)c3)c2cc1CN4CCC[C@H]4C(=O)N,COc1cc2ncnc(Nc3ccc(F)c(Cl)c3)c2cc1CN1CCC[C@H]1C(N)=O,7.698970004336019,429.88,3.62,2,6,6,93.37,0,0.5181,0.5653354559057553
CHEMBL3775911,Clc1ccc(Nc2ncnc3cc4OCC(=O)N(CCCN5CCOCC5)c4cc23)cc1,O=C1COc2cc3ncnc(Nc4ccc(Cl)cc4)c3cc2N1CCCN1CCOCC1,6.451364940185249,453.93,3.47,1,7,6,79.82,0,0.4815,0.5646077751563118
CHEMBL3775459,Cc1cccc(Nc2ncnc3cc4OCC(=O)N(CCCN5CCOCC5)c4cc23)c1,Cc1cccc(Nc2ncnc3cc4c(cc23)N(CCCN2CCOCC2)C(=O)CO4)c1,6.728390698621168,433.51,3.13,1,7,6,79.82,0,0.4302,0.5629964002258877
CHEMBL207674,COc1cc2ncnc(Nc3cccc(Cl)c3F)c2cc1CN4CCOCC4C(=O)N,COc1cc2ncnc(Nc3cccc(Cl)c3F)c2cc1CN1CCOCC1C(N)=O,7.301029995663981,445.88,2.86,2,7,6,102.6,0,0.4286,0.5618619658795587
CHEMBL3775148,O=C1COc2cc3ncnc(Nc4ccccc4)c3cc2N1CCCN5CCOCC5,O=C1COc2cc3ncnc(Nc4ccccc4)c3cc2N1CCCN1CCOCC1,6.285167487566667,419.49,2.82,1,7,6,79.82,0,0.4217,0.5568326285681271
CHEMBL2064403,O=C1Oc2cc3ncnc(Nc4ccc5[nH]ncc5c4)c3cc2N1CCCN6CCOCC6,O=c1oc2cc3ncnc(Nc4ccc5[nH]ncc5c4)c3cc2n1CCCN1CCOCC1,6.920818753952375,445.48,2.88,2,8,6,114.1,0,0.4157,0.5560564644759534
CHEMBL3774947,Clc1cccc(Nc2ncnc3cc4OCC(=O)N(CCCN5CCOCC5)c4cc23)c1,O=C1COc2cc3ncnc(Nc4cccc(Cl)c4)c3cc2N1CCCN1CCOCC1,7.199970640755866,453.93,3.47,1,7,6,79.82,0,0.4643,0.5560077751563117
CHEMBL1688539,Fc1ccc(Nc2ncnc3ccccc23)cc1Cl,Fc1ccc(Nc2ncnc3ccccc23)cc1Cl,7.522878745280337,273.7,4.17,1,3,2,37.81,0,0.4545,0.5533418888646797
CHEMBL1761929,COC(=O)Nc1ccc(Nc2ncnc3cc(OC)c(OC)cc23)cc1,COC(=O)Nc1ccc(Nc2ncnc3cc(OC)c(OC)cc23)cc1,5.161150909262744,354.37,3.57,2,7,5,94.6,0,0.4286,0.5518146480231119
CHEMBL555797,Cl.COc1cc2ncnc(Nc3ccc4CCCc4c3)c2cc1OC,COc1cc2ncnc(Nc3ccc4c(c3)CCC4)c2cc1OC,6.221848749616356,321.38,3.88,1,5,4,56.27,0,0.4638,0.551638822572142
CHEMBL420059,COc1cc2ncnc(NC3CC3c4ccccc4)c2cc1OCCN5CCOCC5,COc1cc2ncnc(NC3CC3c3ccccc3)c2cc1OCCN1CCOCC1,6.522878745280337,420.51,3.32,1,7,8,68.74,0,0.5256,0.5503221584506567
CHEMBL207037,COc1cc2ncnc(Nc3cccc(Cl)c3F)c2cc1CN4CC(C4)C(=O)N,COc1cc2ncnc(Nc3cccc(Cl)c3F)c2cc1CN1CC(C(N)=O)C1,7.301029995663981,415.86,3.09,2,6,6,93.37,0,0.4023,0.5501395475473784
CHEMBL3092303,OCCN1CCN(CC1)C(=O)Nc2cc3c(Nc4ccc(F)c(Cl)c4)ncnc3cc2O[C@H]5CCOC5,O=C(Nc1cc2c(Nc3ccc(F)c(Cl)c3)ncnc2cc1O[C@H]1CCOC1)N1CCN(CCO)CC1,6.480172006224281,530.99,3.48,3,8,7,112.08,1,0.5,0.5477969721260461
CHEMBL283088,COc1cc2c(Nc3ccc(Cl)cc3F)ncnc2cc1OCCN4CCN(C)CC4,COc1cc2c(Nc3ccc(Cl)cc3F)ncnc2cc1OCCN1CCN(C)CC1,6.698970004336019,445.93,3.8,1,7,7,62.75,0,0.5811,0.5470872592684227
CHEMBL57759,COc1cc2ncnc(Nc3ccc(F)c(Cl)c3)c2cc1OCCN(C)C,COc1cc2ncnc(Nc3ccc(F)c(Cl)c3)c2cc1OCCN(C)C,8.154901959985743,390.85,4.11,1,6,7,59.51,0,0.6716,0.5458183800733132
CHEMBL7917,COc1cc2ncnc(Nc3cccc(Cl)c3)c2cc1OC,COc1cc2ncnc(Nc3cccc(Cl)c3)c2cc1OC,8.221848749616356,315.76,4.04,1,5,4,56.27,0,0.5,0.5455705600504533
CHEMBL540068,Cl.COc1cc2ncnc(Nc3cccc(Cl)c3)c2cc1OC,COc1cc2ncnc(Nc3cccc(Cl)c3)c2cc1OC,7.522878745280337,315.76,4.04,1,5,4,56.27,0,0.5,0.5455705600504533
CHEMBL461968,COc1cc2ncnc(Nc3ccc(F)c(Cl)c3)c2cc1CN(C)[C@@H](C)C(=O)N,COc1cc2ncnc(Nc3ccc(F)c(Cl)c3)c2cc1CN(C)[C@@H](C)C(N)=O,8.096910013008056,417.87,3.48,2,6,7,93.37,0,0.4938,0.5446969721260462
CHEMBL517130,COc1cc2ncnc(Nc3ccc(F)c(Cl)c3)c2cc1CN(C)[C@H](C)C(=O)N,COc1cc2ncnc(Nc3ccc(F)c(Cl)c3)c2cc1CN(C)[C@H](C)C(N)=O,8.045757490560675,417.87,3.48,2,6,7,93.37,0,0.4938,0.5446969721260462
CHEMBL543661,Cl.COc1cc(Nc2ncnc3cc(OC)c(OC)cc23)cc(OC)c1,COc1cc(Nc2ncnc3cc(OC)c(OC)cc23)cc(OC)c1,5.522878745280337,341.37,3.41,1,7,6,74.73,0,0.4242,0.5419463214203974
CHEMBL3774578,Cc1ccc(Nc2ncnc3cc4OCC(=O)N(CCCN5CCOCC5)c4cc23)cc1Cl,Cc1ccc(Nc2ncnc3cc4c(cc23)N(CCCN2CCOCC2)C(=O)CO4)cc1Cl,6.788612447063141,467.96,3.78,1,7,6,79.82,0,0.5122,0.5405283272583836
CHEMBL3612572,COCCN1C(=O)Oc2cc3ncnc(Nc4ccc(OC)c(OC)c4)c3cc12,COCCn1c(=O)oc2cc3ncnc(Nc4ccc(OC)c(OC)c4)c3cc21,5.259637310505756,396.4,2.94,1,8,7,100.64,0,0.4198,0.5344504047571094
CHEMBL57758,COc1cc2ncnc(Nc3ccc(F)c(Cl)c3)c2cc1OCCN4CCCC4,COc1cc2ncnc(Nc3ccc(F)c(Cl)c3)c2cc1OCCN1CCCC1,7.060480747381382,416.88,4.65,1,6,7,59.51,0,0.7846,0.5313850378537683
CHEMBL3774609,Brc1ccc(Nc2ncnc3cc4OCC(=O)N(CCCN5CCOCC5)c4cc23)cc1,O=C1COc2cc3ncnc(Nc4ccc(Br)cc4)c3cc2N1CCCN1CCOCC1,6.084125497142308,498.38,3.58,1,7,6,79.82,0,0.439,0.5307961952059178
CHEMBL3814257,CC(=O)Nc1ccc2ncnc(Nc3ccc(F)c(Cl)c3)c2c1,CC(=O)Nc1ccc2ncnc(Nc3ccc(F)c(Cl)c3)c2c1,9.1791420105603,330.75,4.12,2,4,3,66.91,0,0.4444,0.5307212869398792
CHEMBL2064391,CC(=O)c1cccc(Nc2ncnc3cc4OC(=O)N(CCCN5CCOCC5)c4cc23)c1,CC(=O)c1cccc(Nc2ncnc3cc4oc(=O)n(CCCN5CCOCC5)c4cc23)c1,5.167491087293763,447.5,3.21,1,8,7,102.49,0,0.4205,0.5297978310655593
CHEMBL3900054,COc1cc2ncnc(Nc3cccc(Cl)c3F)c2cc1OC4CCN(CC4)C(=O)CO,COc1cc2ncnc(Nc3cccc(Cl)c3F)c2cc1OC1CCN(C(=O)CO)CC1,6.690369832574101,460.89,3.54,2,7,6,96.81,0,0.4205,0.5263326380023965
CHEMBL3092322,OCCNC(=O)Nc1cc2c(Nc3ccc(F)c(Cl)c3)ncnc2cc1O[C@H]4CCOC4,O=C(NCCO)Nc1cc2c(Nc3ccc(F)c(Cl)c3)ncnc2cc1O[C@H]1CCOC1,7.568636235841012,461.88,3.45,4,7,7,117.63,0,0.4494,0.525626769468299
CHEMBL380454,COc1cc2ncnc(Nc3cccc(Cl)c3F)c2cc1CN4CC[C@@H](C4)C(=O)N,COc1cc2ncnc(Nc3cccc(Cl)c3F)c2cc1CN1CC[C@H](C(N)=O)C1,7.096910013008056,429.88,3.48,2,6,6,93.37,0,0.4,0.5227969721260461
CHEMBL2064379,Cc1cc(C)cc(Nc2ncnc3cc4OC(=O)N(CCCN5CCOCC5)c4cc23)c1,Cc1cc(C)cc(Nc2ncnc3cc4oc(=O)n(CCCN5CCOCC5)c4cc23)c1,4.1249387366083,433.51,3.62,1,7,6,85.42,0,0.4321,0.5223354559057553
CHEMBL3774906,Brc1cccc(Nc2ncnc3cc4OCC(=O)N(CCCN5CCOCC5)c4cc23)c1,O=C1COc2cc3ncnc(Nc4cccc(Br)c4)c3cc2N1CCCN1CCOCC1,7.047691990337874,498.38,3.58,1,7,6,79.82,0,0.4186,0.5205961952059178
CHEMBL214478,COc1cc2ncnc(Nc3cc(Cl)ccc3F)c2cc1OC4CCN(CC(=O)N)CC4,COc1cc2ncnc(Nc3cc(Cl)ccc3F)c2cc1OC1CCN(CC(N)=O)CC1,8.045757490560675,459.91,3.5,2,7,7,102.6,0,0.4419,0.516574225646149
CHEMBL543904,Cl.COc1cc2ncnc(Nc3cc(OC)c(OC)c(OC)c3)c2cc1OC,COc1cc2ncnc(Nc3cc(OC)c(OC)c(OC)c3)c2cc1OC,6.301029995663981,371.39,3.42,1,8,7,83.96,0,0.4242,0.5159944357154944
CHEMBL218677,COc1cc2ncnc(Nc3cccc(Cl)c3F)c2cc1OC4CCN(CC(=O)N)CC4,COc1cc2ncnc(Nc3cccc(Cl)c3F)c2cc1OC1CCN(CC(N)=O)CC1,8.698970004336019,459.91,3.5,2,7,7,102.6,0,0.4318,0.511524225646149
CHEMBL38199,Brc1cccc(Nc2ncnc3cc4c(cnn4CCN5CCOCC5)cc23)c1,Brc1cccc(Nc2ncnc3cc4c(cnn4CCN4CCOCC4)cc23)c1,8.431798275933005,453.34,3.82,1,6,5,68.1,0,0.4146,0.5109200488716009
CHEMBL3814320,Brc1cccc(Nc2ncnc3ccc(NC(=O)NCCN4CCOCC4)cc23)c1,O=C(NCCN1CCOCC1)Nc1ccc2ncnc(Nc3cccc(Br)c3)c2c1,8.844663962534938,471.36,3.59,3,6,6,91.41,0,0.4,0.5100637209659756
CHEMBL328106,COc1cc2ncnc(Nc3ccc(Br)cc3)c2cc1OC,COc1cc2ncnc(Nc3ccc(Br)cc3)c2cc1OC,9.017728766960431,360.21,4.15,1,5,4,56.27,0,0.4615,0.5098014184863741
CHEMBL2064374,CCOC(=O)c1ccc(Nc2ncnc3cc4OC(=O)N(CCCN5CCOCC5)c4cc23)cc1,CCOC(=O)c1ccc(Nc2ncnc3cc4oc(=O)n(CCCN5CCOCC5)c4cc23)cc1,5.236572006437063,477.52,3.18,1,9,8,111.72,0,0.427,0.5094826285681271
CHEMBL3092310,Fc1ccc(Nc2ncnc3cc(O[C@H]4CCOC4)c(NC(=O)NCCN5CCOCC5)cc23)cc1Cl,O=C(NCCN1CCOCC1)Nc1cc2c(Nc3ccc(F)c(Cl)c3)ncnc2cc1O[C@H]1CCOC1,7.086186147616283,530.99,3.79,3,8,8,109.87,1,0.5517,0.5088362325167157
CHEMBL60826,COc1cc2ncnc(Nc3ccc(F)c(Cl)c3)c2cc1OCC(O)Cn4ccnc4,COc1cc2ncnc(Nc3ccc(F)c(Cl)c3)c2cc1OCC(O)Cn1ccnc1,8.096910013008056,443.87,3.81,2,7,8,94.32,0,0.557,0.5085817506136887
CHEMBL2064382,CCOc1ccc(Nc2ncnc3cc4OC(=O)N(CCCN5CCOCC5)c4cc23)cc1,CCOc1ccc(Nc2ncnc3cc4oc(=O)n(CCCN5CCOCC5)c4cc23)cc1,5.853871964321762,449.51,3.4,1,8,8,94.65,0,0.4524,0.506979086596659
CHEMBL276154,COc1cc2ncnc(Nc3ccc(F)c(Cl)c3)c2cc1OC4CCN(C)CC4,COc1cc2ncnc(Nc3ccc(F)c(Cl)c3)c2cc1OC1CCN(C)CC1,8.0,416.88,4.65,1,6,5,59.51,0,0.6338,0.5059850378537684
CHEMBL3092321,CN1CCN(CC1)C(=O)Nc2cc3c(Nc4ccc(F)c(Cl)c4)ncnc3cc2O[C@H]5CCOC5,CN1CCN(C(=O)Nc2cc3c(Nc4ccc(F)c(Cl)c4)ncnc3cc2O[C@H]2CCOC2)CC1,6.333482019445119,500.96,4.11,2,7,5,91.85,1,0.4886,0.5043183800733131
CHEMBL3221552,Cl.COC(=O)Nc1ccc(Nc2ncnc3cc(OC)c(OC)cc23)cc1C,COC(=O)Nc1ccc(Nc2ncnc3cc(OC)c(OC)cc23)cc1C,5.3979400086720375,368.39,3.88,2,7,5,94.6,0,0.4133,0.501388822572142
CHEMBL2018761,COC(=O)Nc1cc(Nc2ncnc3cc(OC)c(OC)cc23)ccc1C,COC(=O)Nc1cc(Nc2ncnc3cc(OC)c(OC)cc23)ccc1C,5.142667503568731,368.39,3.88,2,7,5,94.6,0,0.4133,0.501388822572142
CHEMBL2018755,COC(=O)Nc1ccc(Nc2ncnc3cc(OC)c(OC)cc23)cc1C,COC(=O)Nc1ccc(Nc2ncnc3cc(OC)c(OC)cc23)cc1C,5.3979400086720375,368.39,3.88,2,7,5,94.6,0,0.4133,0.501388822572142
CHEMBL3221553,Cl.COC(=O)Nc1cc(Nc2ncnc3cc(OC)c(OC)cc23)ccc1C,COC(=O)Nc1cc(Nc2ncnc3cc(OC)c(OC)cc23)ccc1C,5.142667503568731,368.39,3.88,2,7,5,94.6,0,0.4133,0.501388822572142
CHEMBL3805782,Fc1ccc(Nc2ncnc3cc(OC4CCOC4)c5OCCOc5c23)cc1Cl,Fc1ccc(Nc2ncnc3cc(OC4CCOC4)c4c(c23)OCCO4)cc1Cl,7.688246138944246,417.82,4.1,1,7,4,74.73,0,0.4268,0.4999186066599274
CHEMBL1204168,Cl.COc1cc2ncnc(Nc3cccc(Br)c3)c2cc1OC,COc1cc2ncnc(Nc3cccc(Br)c3)c2cc1OC,9.18045606445813,360.21,4.15,1,5,4,56.27,0,0.4348,0.49645141848637403
CHEMBL29197,COc1cc2ncnc(Nc3cccc(Br)c3)c2cc1OC,COc1cc2ncnc(Nc3cccc(Br)c3)c2cc1OC,10.602059991327964,360.21,4.15,1,5,4,56.27,0,0.4348,0.49645141848637403
CHEMBL207130,COc1cc2ncnc(Nc3cccc(Cl)c3F)c2cc1CN(C)C4(CCN(C)CC4)C(=O)N,COc1cc2ncnc(Nc3cccc(Cl)c3F)c2cc1CN(C)C1(C(N)=O)CCN(C)CC1,8.045757490560675,486.98,3.56,2,7,7,96.61,0,0.413,0.49521875418116734
CHEMBL294034,COc1cc2ncnc(Nc3ccc(F)c(Cl)c3)c2cc1OCCn4ccnc4,COc1cc2ncnc(Nc3ccc(F)c(Cl)c3)c2cc1OCCn1ccnc1,7.180456064458131,413.84,4.45,1,6,7,74.09,0,0.662,0.49337515004993915
CHEMBL56142,COc1cc2ncnc(Nc3ccc(F)c(Cl)c3)c2cc1OCCN4CCCCC4,COc1cc2ncnc(Nc3ccc(F)c(Cl)c3)c2cc1OCCN1CCCCC1,7.008773924307505,430.91,5.04,1,6,7,59.51,1,0.7727,0.49255757699895825
CHEMBL3806248,CCOc1cc2ncnc(Nc3ccc(F)c(Cl)c3)c2c4OCCOc14,CCOc1cc2ncnc(Nc3ccc(F)c(Cl)c3)c2c2c1OCCO2,8.698970004336019,375.79,4.34,1,6,4,65.5,0,0.48,0.4918662744031319
CHEMBL3917723,COC(=O)CNC(=O)c1ccc(Nc2ncnc3cc(OCCN4CCCCC4)c(OC)cc23)cc1,COC(=O)CNC(=O)c1ccc(Nc2ncnc3cc(OCCN4CCCCC4)c(OC)cc23)cc1,5.002569926202529,493.56,3.15,2,9,10,114.91,0,0.4878,0.4911032611528083
CHEMBL3092324,CS(=O)(=O)CCNC(=O)Nc1cc2c(Nc3ccc(F)c(Cl)c3)ncnc2cc1O[C@H]4CCOC4,CS(=O)(=O)CCNC(=O)Nc1cc2c(Nc3ccc(F)c(Cl)c3)ncnc2cc1O[C@H]1CCOC1,7.387216143280264,523.97,3.5,3,8,8,131.54,1,0.4409,0.49107422564614883
CHEMBL3221558,Cl.COC(=O)Nc1ccc(Nc2ncnc3cc(OC)c(OC)cc23)cc1Cl,COC(=O)Nc1ccc(Nc2ncnc3cc(OC)c(OC)cc23)cc1Cl,5.211124884224583,388.81,4.22,2,7,5,94.6,0,0.493,0.49027855983383983
CHEMBL2018751,COC(=O)Nc1ccc(Nc2ncnc3cc(OC)c(OC)cc23)cc1Cl,COC(=O)Nc1ccc(Nc2ncnc3cc(OC)c(OC)cc23)cc1Cl,5.211124884224583,388.81,4.22,2,7,5,94.6,0,0.493,0.49027855983383983
CHEMBL2031299,Brc1cccc(Nc2ncnc3ccc(NC(=O)CCN4CCOCC4)cc23)c1,O=C(CCN1CCOCC1)Nc1ccc2ncnc(Nc3cccc(Br)c3)c2c1,9.292429823902063,456.34,3.8,2,6,6,79.38,0,0.4096,0.48633725926842275
CHEMBL3828269,Cn1cc(cn1)c2ccc3ncnc(Nc4ccc(F)c(Cl)c4)c3c2,Cn1cc(-c2ccc3ncnc(Nc4ccc(F)c(Cl)c4)c3c2)cn1,8.527243550682787,353.79,4.57,1,4,3,55.63,0,0.473,0.4843943343481658
CHEMBL3774982,FC(F)(F)c1cccc(Nc2ncnc3cc4OCC(=O)N(CCCN5CCOCC5)c4cc23)c1,O=C1COc2cc3ncnc(Nc4cccc(C(F)(F)F)c4)c3cc2N1CCCN1CCOCC1,6.081340706578176,487.48,3.84,1,7,6,79.82,0,0.4157,0.4835294307170994
CHEMBL2031305,CCOc1cc2ncnc(Nc3ccc(F)c(Cl)c3)c2cc1NC(=O)CCN4CCOCC4,CCOc1cc2ncnc(Nc3ccc(F)c(Cl)c3)c2cc1NC(=O)CCN1CCOCC1,9.537602002101044,473.94,4.23,2,7,8,88.61,0,0.6282,0.48143239829977735
CHEMBL2425089,COc1cc2ncnc(Nc3ccc(F)c(Cl)c3)c2cc1OCCN4CC5(CSC5)C4,COc1cc2ncnc(Nc3ccc(F)c(Cl)c3)c2cc1OCCN1CC2(CSC2)C1,7.2839966563652,460.96,4.6,1,7,7,59.51,0,0.6712,0.4801093251132986
CHEMBL2408045,CNC(=O)CN1CCC(CC1)Oc2cc3c(Nc4cccc(Cl)c4F)ncnc3cc2OC,CNC(=O)CN1CCC(Oc2cc3c(Nc4cccc(Cl)c4F)ncnc3cc2OC)CC1,7.920818753952375,473.94,3.76,2,7,7,88.61,0,0.427,0.4757905057062482
CHEMBL3221541,Cl.CCOC(=O)Nc1ccc(Nc2ncnc3cc(OCCN4CCOCC4)c(OC)cc23)cc1C,CCOC(=O)Nc1ccc(Nc2ncnc3cc(OCCN4CCOCC4)c(OC)cc23)cc1C,5.096910013008056,481.55,3.97,2,9,9,107.07,0,0.5875,0.47493027013349043
CHEMBL3930316,CCC(=O)Nc1cc2c(Nc3ccc(F)c(Cl)c3)ncnc2cc1OC,CCC(=O)Nc1cc2c(Nc3ccc(F)c(Cl)c3)ncnc2cc1OC,8.698970004336019,374.8,4.52,2,5,5,76.14,0,0.5405,0.47399863292419087
CHEMBL1277620,COc1cc2ncnc(Nc3ccc(Br)cc3F)c2cc1OC,COc1cc2ncnc(Nc3ccc(Br)cc3F)c2cc1OC,5.2441251443275085,378.2,4.29,1,5,4,56.27,0,0.4286,0.4730890752268392
CHEMBL215786,COc1cc2ncnc(Nc3ccc(F)c(Cl)c3)c2cc1OCC4CCN(C)CC4,COc1cc2ncnc(Nc3ccc(F)c(Cl)c3)c2cc1OCC1CCN(C)CC1,8.522878745280337,430.91,4.9,1,6,6,59.51,0,0.662,0.47211861414428874
CHEMBL461967,COc1cc2ncnc(Nc3ccc(F)c(Cl)c3)c2cc1CNC(=O)[C@H]4CCCCN4C,COc1cc2ncnc(Nc3ccc(F)c(Cl)c3)c2cc1CNC(=O)[C@H]1CCCCN1C,8.096910013008056,457.94,4.28,2,6,6,79.38,0,0.5238,0.4720960352013311
CHEMBL29641,COc1cc2ncnc(Nc3cccc(SC)c3)c2cc1OC,COc1cc2ncnc(Nc3cccc(SC)c3)c2cc1OC,6.897223385116559,327.41,4.11,1,6,5,56.27,0,0.4225,0.4712683800733132
CHEMBL213007,COc1cc2ncnc(Nc3cc(Cl)ccc3F)c2cc1OC4CCN(CC4)S(=O)(=O)C,COc1cc2ncnc(Nc3cc(Cl)ccc3F)c2cc1OC1CCN(S(C)(=O)=O)CC1,9.0,480.95,3.98,1,7,6,93.65,0,0.4286,0.46896491187565564
CHEMBL3944702,COc1cc(Nc2ncnc3cc(OCC4CN(C)CCO4)c(OC)cc23)c(OC)cc1Cl,COc1cc(Nc2ncnc3cc(OCC4CN(C)CCO4)c(OC)cc23)c(OC)cc1Cl,7.301029995663981,474.95,3.76,1,9,8,87.2,0,0.4625,0.4685405057062482
CHEMBL379017,COc1cc(OC2CCN(CC2)S(=O)(=O)C)c3c(Nc4ccc(F)c(Cl)c4)ncnc3c1,COc1cc(OC2CCN(S(C)(=O)=O)CC2)c2c(Nc3ccc(F)c(Cl)c3)ncnc2c1,5.017683530307934,480.95,3.98,1,7,6,93.65,0,0.4186,0.46396491187565564
CHEMBL387265,COc1cc2ncnc(Nc3cccc(Cl)c3F)c2cc1OC4CCN(CC4)S(=O)(=O)C,COc1cc2ncnc(Nc3cccc(Cl)c3F)c2cc1OC1CCN(S(C)(=O)=O)CC1,8.698970004336019,480.95,3.98,1,7,6,93.65,0,0.4186,0.46396491187565564
CHEMBL3623290,COc1cc2ncnc(Nc3cccc(Cl)c3F)c2cc1OC(=O)N4CCN(C)C[C@H]4C,COc1cc2ncnc(Nc3cccc(Cl)c3F)c2cc1OC(=O)N1CCN(C)C[C@H]1C,9.522878745280336,459.91,4.31,1,7,4,79.82,0,0.4157,0.46384701335959544
CHEMBL3221546,Cl.CCOC(=O)Nc1ccc(Nc2ncnc3cc(OCCN4CCOCC4)c(OC)cc23)cc1Cl,CCOC(=O)Nc1ccc(Nc2ncnc3cc(OCCN4CCOCC4)c(OC)cc23)cc1Cl,5.070581074285707,501.97,4.31,2,9,9,107.07,1,0.6623,0.4621470133595954
CHEMBL316064,COc1cc2ncnc(Nc3cccc(c3)C(F)(F)F)c2cc1OC,COc1cc2ncnc(Nc3cccc(C(F)(F)F)c3)c2cc1OC,9.619788758288394,349.31,4.41,1,5,4,56.27,0,0.4366,0.4608187121767311
CHEMBL3806222,Fc1ccc(Nc2ncnc3cc(OC4CCOCC4)c5OCCOc5c23)cc1Cl,Fc1ccc(Nc2ncnc3cc(OC4CCOCC4)c4c(c23)OCCO4)cc1Cl,7.230622673923861,431.85,4.49,1,7,4,74.73,0,0.4557,0.46023562088476927
CHEMBL281872,COc1cc2c(Nc3ccc(Br)cc3F)ncnc2cc1OCCn4ccnn4,COc1cc2c(Nc3ccc(Br)cc3F)ncnc2cc1OCCn1ccnn1,6.3979400086720375,459.28,3.95,1,7,7,86.98,0,0.4444,0.4564079035929358
CHEMBL204268,COc1cc(OC2CCOC2)c3c(Nc4ccc(F)c(Cl)c4)ncnc3c1,COc1cc(OC2CCOC2)c2c(Nc3ccc(F)c(Cl)c3)ncnc2c1,6.7281583934635005,389.81,4.34,1,6,5,65.5,0,0.4568,0.45526627440313194
CHEMBL2064390,CC(C)Oc1cccc(Nc2ncnc3cc4OC(=O)N(CCCN5CCOCC5)c4cc23)c1,CC(C)Oc1cccc(Nc2ncnc3cc4oc(=O)n(CCCN5CCOCC5)c4cc23)c1,5.522878745280337,463.54,3.79,1,8,8,94.65,0,0.427,0.44648623251671565
CHEMBL207815,COCCN1CC(C1)(N(C)Cc2cc3c(Nc4cccc(Cl)c4F)ncnc3cc2OC)C(=O)N,COCCN1CC(C(N)=O)(N(C)Cc2cc3c(Nc4cccc(Cl)c4F)ncnc3cc2OC)C1,8.221848749616356,502.98,2.79,2,8,10,105.84,1,0.4,0.4445478310655594
CHEMBL3819120,Fc1ccc(Nc2ncnc3cc(OCCN4CCCCC4)c(NC(=O)[C@@H]5COC(=O)N5)cc23)cc1Cl,O=C1N[C@H](C(=O)Nc2cc3c(Nc4ccc(F)c(Cl)c4)ncnc3cc2OCCN2CCCCC2)CO1,7.592949185195749,528.97,4.08,3,8,8,117.71,1,0.5,0.43952738885417064
CHEMBL203936,COc1ccc2ncnc(Nc3ccc(F)c(Cl)c3)c2c1OC4CCN(C)CC4,COc1ccc2ncnc(Nc3ccc(F)c(Cl)c3)c2c1OC1CCN(C)CC1,6.647817481888637,416.88,4.65,1,6,5,59.51,0,0.5,0.4390850378537684
CHEMBL205149,COc1cc(OC2CCNCC2)c3c(Nc4ccc(F)c(Cl)c4)ncnc3c1,COc1cc(OC2CCNCC2)c2c(Nc3ccc(F)c(Cl)c3)ncnc2c1,8.0,402.86,4.31,2,6,5,68.3,0,0.4146,0.4382970133595955
CHEMBL3805775,COCC(C)Oc1cc2ncnc(Nc3ccc(F)c(Cl)c3)c2c4OCCOc14,COCC(C)Oc1cc2ncnc(Nc3ccc(F)c(Cl)c3)c2c2c1OCCO2,6.606951533583222,419.84,4.35,1,7,6,74.73,0,0.475,0.4380053457736638
CHEMBL39355,Brc1cccc(Nc2ncnc3cc4c(cnn4CCCN5CCOCC5)cc23)c1,Brc1cccc(Nc2ncnc3cc4c(cnn4CCCN4CCOCC4)cc23)c1,8.05551732784983,467.37,4.21,1,6,6,68.1,0,0.4337,0.43708052214504656
CHEMBL203725,CN1CCC(CC1)Oc2cccc3ncnc(Nc4ccc(F)c(Cl)c4)c23,CN1CCC(Oc2cccc3ncnc(Nc4ccc(F)c(Cl)c4)c23)CC1,8.522878745280337,386.86,4.64,1,5,4,50.28,0,0.443,0.43664795525317235
CHEMBL3805283,CC(C)Oc1cc2ncnc(Nc3ccc(F)c(Cl)c3)c2c4OCCOc14,CC(C)Oc1cc2ncnc(Nc3ccc(F)c(Cl)c3)c2c2c1OCCO2,7.536107011014092,389.81,4.72,1,6,4,65.5,0,0.4545,0.43420496784950224
CHEMBL1203936,Cl.COc1cc2ncnc(Nc3cc(F)cc(c3)C(F)(F)F)c2cc1OC,COc1cc2ncnc(Nc3cc(F)cc(C(F)(F)F)c3)c2cc1OC,7.698970004336019,367.3,4.55,1,5,4,56.27,0,0.4167,0.4335544885893189
CHEMBL3092319,FC1CN(C1)C(=O)Nc2cc3c(Nc4ccc(F)c(Cl)c4)ncnc3cc2O[C@H]5CCOC5,O=C(Nc1cc2c(Nc3ccc(F)c(Cl)c3)ncnc2cc1O[C@H]1CCOC1)N1CC(F)C1,6.014573525916998,475.88,4.52,2,6,5,88.61,0,0.4545,0.4309986329241909
CHEMBL2333985,COc1cc2ncnc(Nc3ccc(cc3)C(C)(F)F)c2cc1OC,COc1cc2ncnc(Nc3ccc(C(C)(F)F)cc3)c2cc1OC,5.327902142064282,345.35,4.5,1,5,5,56.27,0,0.4493,0.43081311683958745
CHEMBL597950,Oc1cc2ncnc(Nc3ccc(F)c(Cl)c3)c2cc1OCC=C=C,C=C=CCOc1cc2c(Nc3ccc(F)c(Cl)c3)ncnc2cc1O,7.623423042943488,357.77,4.59,2,5,5,67.27,0,0.4675,0.42937688771816995
CHEMBL2064396,CC(C)(C)c1ccc(Nc2ncnc3cc4OC(=O)N(CCCN5CCOCC5)c4cc23)cc1,CC(C)(C)c1ccc(Nc2ncnc3cc4oc(=O)n(CCCN5CCOCC5)c4cc23)cc1,4.102372908709558,461.57,4.3,1,7,6,85.42,0,0.4405,0.42763933955268485
CHEMBL1203940,Cl.CCOc1cc2ncnc(Nc3ccc(F)cc3)c2cc1OCC,CCOc1cc2ncnc(Nc3ccc(F)cc3)c2cc1OCC,7.795880017344075,327.36,4.31,1,5,6,56.27,0,0.4412,0.42659701335959543
CHEMBL214631,COc1cc2ncnc(Nc3cc(Cl)ccc3F)c2cc1OC4CCN(C)CC4,COc1cc2ncnc(Nc3cc(Cl)ccc3F)c2cc1OC1CCN(C)CC1,6.97469413473523,416.88,4.65,1,6,5,59.51,0,0.4744,0.42628503785376837
CHEMBL40130,Brc1cccc(Nc2ncnc3cc4c(ccn4CCN5CCOCC5)cc23)c1,Brc1cccc(Nc2ncnc3cc4c(ccn4CCN4CCOCC4)cc23)c1,8.431798275933005,452.36,4.42,1,5,5,55.21,0,0.4198,0.42611879103091976
CHEMBL205783,COc1cc(OC2CCOCC2)c3c(Nc4ccc(F)c(Cl)c4)ncnc3c1,COc1cc(OC2CCOCC2)c2c(Nc3ccc(F)c(Cl)c3)ncnc2c1,5.858863909879261,403.84,4.73,1,6,5,65.5,0,0.4872,0.42458091997028036
CHEMBL3092306,CN(C)CCNC(=O)Nc1cc2c(Nc3ccc(F)c(Cl)c3)ncnc2cc1O[C@H]4CCOC4,CN(C)CCNC(=O)Nc1cc2c(Nc3ccc(F)c(Cl)c3)ncnc2cc1O[C@H]1CCOC1,6.197226274708024,488.95,4.02,3,7,8,100.64,0,0.4457,0.42145041393755467
CHEMBL1202473,Cl.COc1cc2c(Nc3cc(O)c(C)cc3F)ncnc2cc1OCC4CCN(C)CC4,COc1cc2c(Nc3cc(O)c(C)cc3F)ncnc2cc1OCC1CCN(C)CC1,6.522878745280337,426.49,4.26,2,7,6,79.74,0,0.4167,0.4213808644182708
CHEMBL327307,COc1cc2ncnc(Nc3ccc(Br)c(Br)c3)c2cc1OC,COc1cc2ncnc(Nc3ccc(Br)c(Br)c3)c2cc1OC,10.142667503568733,439.11,4.92,1,5,4,56.27,0,0.4627,0.42092750565548465
CHEMBL214798,COc1cc2ncnc(Nc3cccc(Cl)c3F)c2cc1OC4CCN(C)CC4,COc1cc2ncnc(Nc3cccc(Cl)c3F)c2cc1OC1CCN(C)CC1,8.698970004336019,416.88,4.65,1,6,5,59.51,0,0.4625,0.42033503785376836
CHEMBL203295,COc1cc(OC2CCN(C)CC2)c3c(Nc4ccc(F)c(Cl)c4)ncnc3c1,COc1cc(OC2CCN(C)CC2)c2c(Nc3ccc(F)c(Cl)c3)ncnc2c1,7.67778070526608,416.88,4.65,1,6,5,59.51,0,0.4625,0.42033503785376836
CHEMBL1204261,Cl.CCOc1cc2ncnc(Nc3cccc(F)c3)c2cc1OCC,CCOc1cc2ncnc(Nc3cccc(F)c3)c2cc1OCC,8.087777943467584,327.36,4.31,1,5,6,56.27,0,0.4225,0.41724701335959546
CHEMBL3221554,Cl.CCOC(=O)Nc1ccc(Nc2ncnc3cc(OC)c(OC)cc23)cc1C,CCOC(=O)Nc1ccc(Nc2ncnc3cc(OC)c(OC)cc23)cc1C,6.045757490560675,382.42,4.27,2,7,6,94.6,0,0.4103,0.41676002970998594
CHEMBL2018762,CCOC(=O)Nc1cc(Nc2ncnc3cc(OC)c(OC)cc23)ccc1C,CCOC(=O)Nc1cc(Nc2ncnc3cc(OC)c(OC)cc23)ccc1C,5.301029995663981,382.42,4.27,2,7,6,94.6,0,0.4103,0.41676002970998594
CHEMBL2018756,CCOC(=O)Nc1ccc(Nc2ncnc3cc(OC)c(OC)cc23)cc1C,CCOC(=O)Nc1ccc(Nc2ncnc3cc(OC)c(OC)cc23)cc1C,6.045757490560675,382.42,4.27,2,7,6,94.6,0,0.4103,0.41676002970998594
CHEMBL3221555,Cl.CCOC(=O)Nc1cc(Nc2ncnc3cc(OC)c(OC)cc23)ccc1C,CCOC(=O)Nc1cc(Nc2ncnc3cc(OC)c(OC)cc23)ccc1C,5.301029995663981,382.42,4.27,2,7,6,94.6,0,0.4103,0.41676002970998594
CHEMBL3806213,Fc1ccc(Nc2ncnc3cc(OCC4CCCO4)c5OCCOc5c23)cc1Cl,Fc1ccc(Nc2ncnc3cc(OCC4CCCO4)c4c(c23)OCCO4)cc1Cl,7.617982957425132,431.85,4.49,1,7,5,74.73,0,0.4167,0.4157356208847693
CHEMBL3092300,Fc1ccc(Nc2ncnc3cc(O[C@H]4CCOC4)c(NC(=O)N5CCC6(CC5)OCCO6)cc23)cc1Cl,O=C(Nc1cc2c(Nc3ccc(F)c(Cl)c3)ncnc2cc1O[C@H]1CCOC1)N1CCC2(CC1)OCCO2,5.7657358756212105,543.98,4.7,2,8,5,107.07,1,0.4565,0.41218651913896587
CHEMBL2018752,CCOC(=O)Nc1ccc(Nc2ncnc3cc(OC)c(OC)cc23)cc1Cl,CCOC(=O)Nc1ccc(Nc2ncnc3cc(OC)c(OC)cc23)cc1Cl,6.0,402.84,4.61,2,7,6,94.6,0,0.48,0.4084026056268159
CHEMBL3221560,Cl.CCOC(=O)Nc1ccc(Nc2ncnc3cc(OC)c(OC)cc23)cc1Cl,CCOC(=O)Nc1ccc(Nc2ncnc3cc(OC)c(OC)cc23)cc1Cl,6.0,402.84,4.61,2,7,6,94.6,0,0.48,0.4084026056268159
CHEMBL204330,COc1cc(OC2CCN(CC2)C(=O)C)c3c(Nc4ccc(F)c(Cl)c4)ncnc3c1,COc1cc(OC2CCN(C(C)=O)CC2)c2c(Nc3ccc(F)c(Cl)c3)ncnc2c1,6.058985756294431,444.89,4.56,1,6,5,76.58,0,0.4186,0.4083441041625668
CHEMBL3775046,Fc1ccc(Nc2ncnc3cc4OCC(=O)N(CCCN5CCCCC5)c4cc23)cc1Cl,O=C1COc2cc3ncnc(Nc4ccc(F)c(Cl)c4)c3cc2N1CCCN1CCCCC1,6.860435733824151,469.95,4.77,1,6,6,70.59,0,0.5122,0.4082962638129389
CHEMBL437885,COc1cc2ncnc(Nc3cccc(Cl)c3F)c2cc1CN4CCCC4,COc1cc2ncnc(Nc3cccc(Cl)c3F)c2cc1CN1CCCC1,6.443697499232712,386.86,4.77,1,5,5,50.28,0,0.4557,0.4050462638129389
CHEMBL2018748,CCCOC(=O)Nc1ccc(Nc2ncnc3cc(OC)c(OC)cc23)cc1,CCCOC(=O)Nc1ccc(Nc2ncnc3cc(OC)c(OC)cc23)cc1,5.151810883008601,382.42,4.35,2,7,7,94.6,0,0.4521,0.4015553457736638
CHEMBL3221550,Cl.CCCOC(=O)Nc1ccc(Nc2ncnc3cc(OC)c(OC)cc23)cc1,CCCOC(=O)Nc1ccc(Nc2ncnc3cc(OC)c(OC)cc23)cc1,5.151810883008601,382.42,4.35,2,7,7,94.6,0,0.4521,0.4015553457736638
CHEMBL2448066,Cl.COc1cc2c(Nc3cc(O)c(Cl)cc3F)ncnc2cc1OCC4CCN(C)CC4,COc1cc2c(Nc3cc(O)c(Cl)cc3F)ncnc2cc1OCC1CCN(C)CC1,7.0,446.91,4.6,2,7,6,79.74,0,0.4634,0.40120932511329854
CHEMBL2018750,COc1cc2ncnc(Nc3ccc(NC(=O)OC(C)C)cc3)c2cc1OC,COc1cc2ncnc(Nc3ccc(NC(=O)OC(C)C)cc3)c2cc1OC,5.318758762624412,382.42,4.35,2,7,6,94.6,0,0.4,0.4005053457736638
CHEMBL92709,COc1cc2ncnc(Nc3cc(Br)cc(Br)c3)c2cc1OC,COc1cc2ncnc(Nc3cc(Br)cc(Br)c3)c2cc1OC,6.94692155651658,439.11,4.92,1,5,4,56.27,0,0.4179,0.39852750565548467
CHEMBL2448064,Cl.COc1cc2c(Nc3ccc(Cl)cc3F)ncnc2cc1OCC4CCNCC4,COc1cc2c(Nc3ccc(Cl)cc3F)ncnc2cc1OCC1CCNCC1,6.522878745280337,416.88,4.55,2,6,6,68.3,0,0.4444,0.397404488589319
CHEMBL281990,COc1cc2c(Nc3ccc(C)cc3F)ncnc2cc1OCC4CCN(C)CC4,COc1cc2c(Nc3ccc(C)cc3F)ncnc2cc1OCC1CCN(C)CC1,6.0,410.49,4.55,1,6,6,59.51,0,0.4444,0.397404488589319
CHEMBL3221561,Cl.CCOC(=O)Nc1cc(Nc2ncnc3cc(OC)c(OC)cc23)ccc1Cl,CCOC(=O)Nc1cc(Nc2ncnc3cc(OC)c(OC)cc23)ccc1Cl,6.045757490560675,402.84,4.61,2,7,6,94.6,0,0.4545,0.395652605626816
CHEMBL2018760,CCOC(=O)Nc1cc(Nc2ncnc3cc(OC)c(OC)cc23)ccc1Cl,CCOC(=O)Nc1cc(Nc2ncnc3cc(OC)c(OC)cc23)ccc1Cl,6.045757490560675,402.84,4.61,2,7,6,94.6,0,0.4545,0.395652605626816
CHEMBL293064,CCN(CC)CCOc1cc2c(Nc3ccc(F)c(Cl)c3)ncnc2cc1OC,CCN(CC)CCOc1cc2c(Nc3ccc(F)c(Cl)c3)ncnc2cc1OC,7.031517051446065,418.9,4.9,1,6,9,59.51,0,0.6522,0.39221861414428866
CHEMBL2018765,CCN(CC)CCOc1cc2ncnc(Nc3ccc(F)c(Cl)c3)c2cc1OC,CCN(CC)CCOc1cc2ncnc(Nc3ccc(F)c(Cl)c3)c2cc1OC,5.00436480540245,418.9,4.9,1,6,9,59.51,0,0.6522,0.39221861414428866
CHEMBL385471,COc1cc2ncnc(Nc3cc(Cl)ccc3F)c2cc1OCC4CCN(C)CC4,COc1cc2ncnc(Nc3cc(Cl)ccc3F)c2cc1OCC1CCN(C)CC1,8.045757490560675,430.91,4.9,1,6,6,59.51,0,0.5,0.39111861414428867
CHEMBL3612574,CCOC(=O)CCCN1C(=O)Oc2cc3ncnc(Nc4ccc(F)c(Cl)c4)c3cc12,CCOC(=O)CCCn1c(=O)oc2cc3ncnc(Nc4ccc(F)c(Cl)c4)c3cc21,5.107905397309519,444.85,4.42,1,7,7,99.25,0,0.4483,0.3903687910309198
CHEMBL3814956,Fc1ccc(Nc2ncnc3ccc(NC(=O)NCCN4CCCCC4)cc23)cc1Cl,O=C(NCCN1CCCCC1)Nc1ccc2ncnc(Nc3ccc(F)c(Cl)c3)c2c1,8.97469413473523,442.93,4.77,3,5,6,82.18,0,0.475,0.3896962638129389
CHEMBL2064394,O=C1Oc2cc3ncnc(Nc4ccc(OCc5ccccn5)cc4)c3cc2N1CCCN6CCOCC6,O=c1oc2cc3ncnc(Nc4ccc(OCc5ccccn5)cc4)c3cc2n1CCCN1CCOCC1,5.769551078621726,512.57,3.98,1,9,9,107.54,1,0.4176,0.3884649118756556
CHEMBL2448065,Cl.COc1cc2c(Nc3ccc(Cl)cc3F)ncnc2cc1OCC4CCN(C)CC4,COc1cc2c(Nc3ccc(Cl)cc3F)ncnc2cc1OCC1CCN(C)CC1,6.522878745280337,430.91,4.9,1,6,6,59.51,0,0.4937,0.3879686141442887
CHEMBL213874,COc1cc2ncnc(Nc3cccc(Cl)c3F)c2cc1OCC4CCN(C)CC4,COc1cc2ncnc(Nc3cccc(Cl)c3F)c2cc1OCC1CCN(C)CC1,8.698970004336019,430.91,4.9,1,6,6,59.51,0,0.4875,0.3848686141442887
CHEMBL1907763,COc1cc2c(Nc3ccc(Cl)cc3F)ncnc2cc1OC[C@@H]4CCCN(C)C4,COc1cc2c(Nc3ccc(Cl)cc3F)ncnc2cc1OC[C@@H]1CCCN(C)C1,7.0,430.91,4.9,1,6,6,59.51,0,0.4815,0.3818686141442887
CHEMBL25450,COc1cc2c(Nc3c(F)cc(Cl)cc3F)ncnc2cc1OCC4CCNCC4,COc1cc2c(Nc3c(F)cc(Cl)cc3F)ncnc2cc1OCC1CCNCC1,6.301029995663981,434.87,4.69,2,6,6,68.3,0,0.443,0.3814440074810258
CHEMBL377277,COc1cc(OC(C)C)c2c(Nc3ccc(F)c(Cl)c3)ncnc2c1,COc1cc(OC(C)C)c2c(Nc3ccc(F)c(Cl)c3)ncnc2c1,5.093234110459273,361.8,4.96,1,5,5,56.27,0,0.4342,0.37872243086559143
CHEMBL422758,COc1cc2c(Nc3c(F)cc(Cl)cc3F)ncnc2cc1OCC4CCN(C)CC4,COc1cc2c(Nc3c(F)cc(Cl)cc3F)ncnc2cc1OCC1CCN(C)CC1,6.346787486224656,448.9,5.03,1,6,6,59.51,1,0.4935,0.37859915712778675
CHEMBL3092308,Fc1ccc(Nc2ncnc3cc(O[C@H]4CCOC4)c(NC(=O)NCCN5CCCC5)cc23)cc1Cl,O=C(NCCN1CCCC1)Nc1cc2c(Nc3ccc(F)c(Cl)c3)ncnc2cc1O[C@H]1CCOC1,7.167491087293763,514.99,4.55,3,7,8,100.64,1,0.5,0.3752044885893189
CHEMBL3092315,CN(C)CCN(C)C(=O)Nc1cc2c(Nc3ccc(F)c(Cl)c3)ncnc2cc1O[C@H]4CCOC4,CN(C)CCN(C)C(=O)Nc1cc2c(Nc3ccc(F)c(Cl)c3)ncnc2cc1O[C@H]1CCOC1,6.55129368009492,502.98,4.36,2,7,8,91.85,1,0.4505,0.3744026833224912
CHEMBL215559,COCCN1CCC(CC1)Oc2cc3c(Nc4cc(Cl)ccc4F)ncnc3cc2OC,COCCN1CCC(Oc2cc3c(Nc4cc(Cl)ccc4F)ncnc3cc2OC)CC1,6.943095148663527,460.94,4.66,1,7,8,68.74,0,0.5125,0.36928315878582496
CHEMBL2333991,COc1cc2ncnc(Nc3cccc(c3)c4ccccc4)c2cc1OC,COc1cc2ncnc(Nc3cccc(-c4ccccc4)c3)c2cc1OC,6.897223385116559,357.41,5.06,1,5,5,56.27,1,0.4286,0.369253941478689
CHEMBL2447950,Cl.CCOc1cc2ncnc(Nc3cccc(Cl)c3)c2cc1OCC,CCOc1cc2ncnc(Nc3cccc(Cl)c3)c2cc1OCC,9.42021640338319,343.81,4.82,1,5,6,56.27,0,0.4429,0.36916572069247006
CHEMBL2018753,CCCOC(=O)Nc1ccc(Nc2ncnc3cc(OC)c(OC)cc23)cc1Cl,CCCOC(=O)Nc1ccc(Nc2ncnc3cc(OC)c(OC)cc23)cc1Cl,6.0,416.87,5.0,2,7,7,94.6,1,0.5135,0.3655838208091532
CHEMBL3221258,Cl.CCCOC(=O)Nc1ccc(Nc2ncnc3cc(OC)c(OC)cc23)cc1Cl,CCCOC(=O)Nc1ccc(Nc2ncnc3cc(OC)c(OC)cc23)cc1Cl,6.0,416.87,5.0,2,7,7,94.6,1,0.5135,0.3655838208091532
CHEMBL1947124,CC1(C)CC(CC(C)(C)N1[O])C(=O)Nc2ccc3ncnc(Nc4ccc(F)c(Cl)c4)c3c2,CC1(C)CC(C(=O)Nc2ccc3ncnc(Nc4ccc(F)c(Cl)c4)c3c2)CC(C)(C)N1[O],7.823908740944319,470.96,5.72,2,5,4,90.05,1,0.4146,0.36348582830128856
CHEMBL214857,COCCN1CCC(CC1)Oc2cc3c(Nc4cccc(Cl)c4F)ncnc3cc2OC,COCCN1CCC(Oc2cc3c(Nc4cccc(Cl)c4F)ncnc3cc2OC)CC1,8.522878745280337,460.94,4.66,1,7,8,68.74,0,0.5,0.363033158785825
CHEMBL2031303,CCOc1cc2ncnc(Nc3ccc(F)c(Cl)c3)c2cc1NC(=O)CCN(C)C,CCOc1cc2ncnc(Nc3ccc(F)c(Cl)c3)c2cc1NC(=O)CCN(C)C,9.568636235841012,431.9,4.45,2,6,8,79.38,0,0.4458,0.36027515004993904
CHEMBL533849,Cl.COc1cc2c(Nc3ccc(Br)cc3F)ncnc2cc1OCC4CCN(C)CC4,COc1cc2c(Nc3ccc(Br)cc3F)ncnc2cc1OCC1CCN(C)CC1,6.301029995663981,475.36,5.0,1,6,6,59.51,1,0.4444,0.35603382080915325
CHEMBL24828,COc1cc2c(Nc3ccc(Br)cc3F)ncnc2cc1OCC4CCN(C)CC4,COc1cc2c(Nc3ccc(Br)cc3F)ncnc2cc1OCC1CCN(C)CC1,6.698970004336019,475.36,5.0,1,6,6,59.51,1,0.4444,0.35603382080915325
CHEMBL3221556,Cl.CCCOC(=O)Nc1ccc(Nc2ncnc3cc(OC)c(OC)cc23)cc1C,CCCOC(=O)Nc1ccc(Nc2ncnc3cc(OC)c(OC)cc23)cc1C,6.045757490560675,396.45,4.66,2,7,7,94.6,0,0.4359,0.3559831587858251
CHEMBL2018757,CCCOC(=O)Nc1ccc(Nc2ncnc3cc(OC)c(OC)cc23)cc1C,CCCOC(=O)Nc1ccc(Nc2ncnc3cc(OC)c(OC)cc23)cc1C,6.045757490560675,396.45,4.66,2,7,7,94.6,0,0.4359,0.3559831587858251
CHEMBL25425,COc1cc2c(Nc3ccc(Cl)cc3F)ncnc2cc1OCCC4CCN(C)CC4,COc1cc2c(Nc3ccc(Cl)cc3F)ncnc2cc1OCCC1CCN(C)CC1,6.522878745280337,444.94,5.29,1,6,7,59.51,1,0.519,0.3526634424577936
CHEMBL1907764,COc1cc2c(Nc3ccc(Br)cc3F)ncnc2cc1OC[C@@H]4CCCN(C)C4,COc1cc2c(Nc3ccc(Br)cc3F)ncnc2cc1OC[C@@H]1CCCN(C)C1,6.698970004336019,475.36,5.0,1,6,6,59.51,1,0.4337,0.35068382080915317
CHEMBL1907944,COc1cc2c(Nc3ccc(Br)cc3F)ncnc2cc1OC[C@H]4CCCN(C)C4,COc1cc2c(Nc3ccc(Br)cc3F)ncnc2cc1OC[C@H]1CCCN(C)C1,7.0,475.36,5.0,1,6,6,59.51,1,0.4337,0.35068382080915317
CHEMBL371888,COc1cc2ncnc(Nc3ccc(OCc4ccccn4)c(C)c3)c2cc1OC,COc1cc2ncnc(Nc3ccc(OCc4ccccn4)c(C)c3)c2cc1OC,7.229147988357855,402.45,4.67,1,7,7,78.39,0,0.4211,0.34754234550721264
CHEMBL416191,COc1cc2c(Nc3c(F)cc(Br)cc3F)ncnc2cc1OCC4CCN(C)CC4,COc1cc2c(Nc3c(F)cc(Br)cc3F)ncnc2cc1OCC1CCN(C)CC1,6.522878745280337,493.35,5.14,1,6,6,59.51,1,0.4375,0.3440716792929296
CHEMBL3092302,OCCC1CCN(CC1)C(=O)Nc2cc3c(Nc4ccc(F)c(Cl)c4)ncnc3cc2O[C@H]5CCOC5,O=C(Nc1cc2c(Nc3ccc(F)c(Cl)c3)ncnc2cc1O[C@H]1CCOC1)N1CCC(CCO)CC1,6.517126416391246,530.0,4.96,3,7,7,108.84,1,0.4516,0.3374224308655915
CHEMBL360209,COc1cc2ncnc(Nc3ccc(Cl)c(NC(=O)c4ccccc4)c3)c2cc1OC,COc1cc2ncnc(Nc3ccc(Cl)c(NC(=O)c4ccccc4)c3)c2cc1OC,5.657577319177793,434.88,5.3,2,6,6,85.37,1,0.4359,0.33570133843490924
CHEMBL3092309,Fc1ccc(Nc2ncnc3cc(O[C@H]4CCOC4)c(NC(=O)NCCN5CCCCC5)cc23)cc1Cl,O=C(NCCN1CCCCC1)Nc1cc2c(Nc3ccc(F)c(Cl)c3)ncnc2cc1O[C@H]1CCOC1,6.782516055786093,529.02,4.94,3,7,8,100.64,1,0.4945,0.33532892265356046
CHEMBL3914599,CCCN1CCCOC(COc2cc3ncnc(Nc4ccc(Cl)c(Cl)c4)c3cc2OC)C1,CCCN1CCCOC(COc2cc3ncnc(Nc4ccc(Cl)c(Cl)c4)c3cc2OC)C1,7.301029995663981,491.42,5.57,1,7,8,68.74,1,0.5432,0.33079822856159175
CHEMBL2031304,CCOc1cc2ncnc(Nc3ccc(F)c(Cl)c3)c2cc1NC(=O)CCN4CCCCC4,CCOc1cc2ncnc(Nc3ccc(F)c(Cl)c3)c2cc1NC(=O)CCN1CCCCC1,9.292429823902063,471.96,5.38,2,6,8,79.38,1,0.5244,0.32692079202445257
CHEMBL24979,COc1cc2c(Nc3ccc(Br)cc3F)ncnc2cc1OCCC4CCN(C)CC4,COc1cc2c(Nc3ccc(Br)cc3F)ncnc2cc1OCCC1CCN(C)CC1,6.698970004336019,489.39,5.39,1,6,7,59.51,1,0.4691,0.3239238548063144
CHEMBL185327,COc1cc2ncnc(Nc3cc(NC(=O)c4ccccc4)ccc3Cl)c2cc1OC,COc1cc2ncnc(Nc3cc(NC(=O)c4ccccc4)ccc3Cl)c2cc1OC,4.958607314841775,434.88,5.3,2,6,6,85.37,1,0.4,0.3177513384349093
CHEMBL3221547,Cl.CCCOc1cc2ncnc(Nc3ccc(NC(=O)OCC)c(Cl)c3)c2cc1OC,CCCOc1cc2ncnc(Nc3ccc(NC(=O)OCC)c(Cl)c3)c2cc1OC,5.259637310505756,430.89,5.39,2,7,8,94.6,1,0.5065,0.3176238548063144
CHEMBL26641,COc1cc2c(Nc3ccc(Br)cc3F)ncnc2cc1OCCC4CCNCC4,COc1cc2c(Nc3ccc(Br)cc3F)ncnc2cc1OCCC1CCNCC1,6.698970004336019,475.36,5.05,2,6,7,68.3,1,0.4217,0.3164258633367252
CHEMBL3092317,CN(C)CCCN(C)C(=O)Nc1cc2c(Nc3ccc(F)c(Cl)c3)ncnc2cc1O[C@H]4CCOC4,CN(C)CCCN(C)C(=O)Nc1cc2c(Nc3ccc(F)c(Cl)c3)ncnc2cc1O[C@H]1CCOC1,6.333482019445119,517.01,4.75,2,7,9,91.85,1,0.4565,0.3073162917074718
CHEMBL2064386,O=C1Oc2cc3ncnc(Nc4ccc(OCc5ccccc5)cc4)c3cc2N1CCCN6CCOCC6,O=c1oc2cc3ncnc(Nc4ccc(OCc5ccccc5)cc4)c3cc2n1CCCN1CCOCC1,6.853871964321762,511.58,4.58,1,8,9,94.65,1,0.4157,0.30460524247772935
CHEMBL25579,COc1cc2c(Nc3ccc(Cl)cc3F)ncnc2cc1OCCN(C)c4ccncc4,COc1cc2c(Nc3ccc(Cl)cc3F)ncnc2cc1OCCN(C)c1ccncc1,6.522878745280337,453.91,5.08,1,7,8,72.4,1,0.4512,0.3043391676215087
CHEMBL3221542,Cl.CCCOc1cc2ncnc(Nc3ccc(NC(=O)OCC)c(C)c3)c2cc1OC,CCCOc1cc2ncnc(Nc3ccc(NC(=O)OCC)c(C)c3)c2cc1OC,5.4089353929735005,410.47,5.05,2,7,8,94.6,1,0.4375,0.2993258633367251
CHEMBL184682,COc1cc2ncnc(Nc3ccc(Cl)c(NC(=O)c4cccc(c4)N(C)C)c3)c2cc1OC,COc1cc2ncnc(Nc3ccc(Cl)c(NC(=O)c4cccc(N(C)C)c4)c3)c2cc1OC,6.0,477.95,5.36,2,7,7,88.61,1,0.4,0.29043535902085726
CHEMBL3759155,COc1cc2c(Nc3ccc(NC(=O)c4ccccc4)cc3)ncnc2cc1OCCN5CCCCC5,COc1cc2c(Nc3ccc(NC(=O)c4ccccc4)cc3)ncnc2cc1OCCN1CCCCC1,5.336299074610352,497.6,5.5,2,7,9,88.61,1,0.4938,0.2828842334058519
CHEMBL2018773,CCN(CC)CCOc1cc2c(Nc3ccc(Br)cc3F)ncnc2cc1OC,CCN(CC)CCOc1cc2c(Nc3ccc(Br)cc3F)ncnc2cc1OC,5.040958607678906,463.35,5.0,1,6,9,59.51,1,0.4304,0.2740338208091532
CHEMBL2018767,CCN(CC)CCOc1cc2ncnc(Nc3ccc(C)c(Br)c3)c2cc1OC,CCN(CC)CCOc1cc2ncnc(Nc3ccc(C)c(Br)c3)c2cc1OC,5.0245681914907365,459.39,5.17,1,6,9,59.51,1,0.4487,0.2730864280796229
CHEMBL3092307,CCN(CC)CCNC(=O)Nc1cc2c(Nc3ccc(F)c(Cl)c3)ncnc2cc1O[C@H]4CCOC4,CCN(CC)CCNC(=O)Nc1cc2c(Nc3ccc(F)c(Cl)c3)ncnc2cc1O[C@H]1CCOC1,6.437707135543525,517.01,4.8,3,7,10,100.64,1,0.4362,0.2675746747709037
CHEMBL418967,CCCOc1cc2ncnc(Nc3cccc(Br)c3)c2cc1OCCC,CCCOc1cc2ncnc(Nc3cccc(Br)c3)c2cc1OCCC,9.769551078621726,416.32,5.71,1,5,8,56.27,1,0.4167,0.26470607416979025
CHEMBL3961532,CCC(=O)Nc1cc2c(Nc3ccc(OCc4cccc(F)c4)c(Cl)c3)ncnc2cc1OC,CCC(=O)Nc1cc2c(Nc3ccc(OCc4cccc(F)c4)c(Cl)c3)ncnc2cc1OC,7.173925197299173,480.93,6.1,2,6,8,85.37,1,0.4091,0.25659717525359355
CHEMBL3983460,COc1cc2c(Nc3ccc(NC(=O)Nc4ccccc4)cc3)ncnc2cc1OCc5ccccc5,COc1cc2c(Nc3ccc(NC(=O)Nc4ccccc4)cc3)ncnc2cc1OCc1ccccc1,5.532687937019448,491.55,6.61,3,6,8,97.4,1,0.4103,0.2555198754017303
